VelocityX,VelocityY,VelocityZ,Time
0,0,0,1646627386.2544532
0.0,0.0,0.0,1646627386.2634554
0.0,0.0,0.0,1646627386.2674568
0.0,0.0,0.0,1646627386.2714572
0.0,0.0,0.0,1646627386.2754588
0.0,0.0,0.0,1646627386.2814634
0.0,0.0,0.0,1646627386.2864642
0.0,0.0,0.0,1646627386.2914658
0.0,0.0,0.0,1646627386.2954662
0.0,0.0,0.0,1646627386.2994676
0.0,0.0,0.0,1646627386.30347
0.0,0.0,0.0,1646627386.3074694
0.0,0.0,0.0,1646627386.3114705
0.0,0.0,0.0,1646627386.3184726
0.0,0.0,0.0,1646627386.3234732
0.0,0.0,0.0,1646627386.3284745
0.0,0.0,0.0,1646627386.332475
0.0,0.0,0.0,1646627386.33664
0.0,0.0,0.0,1646627386.339641
0.0,0.0,0.0,1646627386.3436418
0.0,0.0,0.0,1646627386.3516443
0.0,0.0,0.0,1646627386.3566456
0.0,0.0,0.0,1646627386.3606465
0.0,0.0,0.0,1646627386.3646474
0.0,0.0,0.0,1646627386.3685837
0.0,0.0,0.0,1646627386.3725855
0.0,0.0,0.0,1646627386.376586
0.0,0.0,0.0,1646627386.3805883
0.0,0.0,0.0,1646627386.3845882
0.0,0.0,0.0,1646627386.3885894
0.0,0.0,0.0,1646627386.3925903
0.0,0.0,0.0,1646627386.396587
0.0,0.0,0.0,1646627386.4005888
0.0,0.0,0.0,1646627386.404589
0.0,0.0,0.0,1646627386.4085913
0.0,0.0,0.0,1646627386.4125917
0.0,0.0,0.0,1646627386.4165924
0.0,0.0,0.0,1646627386.4205935
0.0,0.0,0.0,1646627386.4245942
0.0,0.0,0.0,1646627386.4285953
0.0,0.0,0.0,1646627386.4325962
0.0,0.0,0.0,1646627386.4365966
0.0,0.0,0.0,1646627386.4401402
0.0,0.0,0.0,1646627386.4445925
0.0,0.0,0.0,1646627386.4485936
0.0,0.0,0.0,1646627386.4525955
0.0,0.0,0.0,1646627386.4565976
0.0,0.0,0.0,1646627386.4601138
0.0,0.0,0.0,1646627386.4641154
0.0,0.0,0.0,1646627386.4681165
0.0,0.0,0.0,1646627386.472118
0.0,0.0,0.0,1646627386.476119
0.0,0.0,0.0,1646627386.480119
0.0,0.0,0.0,1646627386.4841208
0.0,0.0,0.0,1646627386.4886572
0.0,0.0,0.0,1646627386.492659
0.0,0.0,0.0,1646627386.4966595
0.0,0.0,0.0,1646627386.500661
0.0,0.0,0.0,1646627386.5046618
0.0,0.0,0.0,1646627386.5086591
0.0,0.0,0.0,1646627386.5126605
0.0,0.0,0.0,1646627386.5166616
0.0,0.0,0.0,1646627386.5206633
0.0,0.0,0.0,1646627386.5246644
0.0,0.0,0.0,1646627386.5286617
0.0,0.0,0.0,1646627386.532664
0.0,0.0,0.0,1646627386.5366657
0.0,0.0,0.0,1646627386.539666
0.0,0.0,0.0,1646627386.5446668
0.0,0.0,0.0,1646627386.5486674
0.0,0.0,0.0,1646627386.553669
0.0,0.0,0.0,1646627386.5586698
0.0,0.0,0.0,1646627386.5646715
0.0,0.0,0.0,1646627386.569672
0.0,0.0,0.0,1646627386.5746737
0.0,0.0,0.0,1646627386.5786743
0.0,0.0,0.0,1646627386.582675
0.0,0.0,0.0,1646627386.5866761
0.0,0.0,0.0,1646627386.5906773
0.0,0.0,0.0,1646627386.5976794
0.0,0.0,0.0,1646627386.60368
0.0,0.0,0.0,1646627386.6086814
0.0,0.0,0.0,1646627386.6156828
0.0,0.0,0.0,1646627386.6206837
0.0,0.0,0.0,1646627386.6256866
0.0,0.0,0.0,1646627386.6326869
0.0,0.0,0.0,1646627386.6386132
0.0,0.0,0.0,1646627386.6426153
0.0,0.0,0.0,1646627386.6466193
0.0,0.0,0.0,1646627386.6506217
0.0,0.0,0.0,1646627386.6546228
0.0,0.0,0.0,1646627386.6586235
0.0,0.0,0.0,1646627386.662625
0.0,0.0,0.0,1646627386.6666253
0.0,0.0,0.0,1646627386.6706262
0.0,0.0,0.0,1646627386.674627
-0.006838092342557729,0.0,0.0,1646627386.6786783
-0.013512798062523743,0.0,0.0,1646627386.6826327
-0.013512798062523743,0.0,0.0,1646627386.6866336
-0.013512798062523743,0.0,0.0,1646627386.6906343
-0.013512798062523743,0.0,0.0,1646627386.694635
-0.013512798062523743,0.0,0.0,1646627386.6986804
-0.013512798062523743,0.0,0.0,1646627386.7026823
-0.013512798062523743,0.0,0.0,1646627386.7066827
-0.013512798062523743,0.0,0.0,1646627386.7116838
-0.013512798062523743,0.0,0.0,1646627386.7166853
-0.013512798062523743,0.0,0.0,1646627386.7216866
-0.013512798062523743,0.0,0.006508075355289946,1646627386.725687
-0.013512798062523743,0.0,0.023388935762493374,1646627386.730689
-0.013512798062523743,0.0,0.044437613740053596,1646627386.7366898
-0.013512798062523743,0.0,0.06270338902476033,1646627386.741691
0.00010390918048682266,0.0,0.08386480216250458,1646627386.7466924
0.018585570631935625,0.0,0.10294436498914333,1646627386.750693
0.031867810152415216,0.0,0.13449154834023058,1646627386.7576947
0.031867810152415216,0.0,0.15746547202313566,1646627386.7636962
0.031867810152415216,0.0,0.17548333226390803,1646627386.7686973
0.031867810152415216,-0.010033620455311934,0.19676585242210304,1646627386.774699
0.031867810152415216,-0.02006684232402492,0.2208114024650598,1646627386.7807004
0.031867810152415216,-0.02006684232402492,0.24534295175367338,1646627386.7857008
0.031867810152415216,-0.02006684232402492,0.2691131058462951,1646627386.7901354
0.031867810152415216,-0.02006684232402492,0.3003627312190023,1646627386.7956312
0.031867810152415216,-0.02006684232402492,0.32987893995824474,1646627386.8006337
0.031867810152415216,-0.02006684232402492,0.36078835321363467,1646627386.8056324
0.031867810152415216,-0.02006684232402492,0.38577057703006234,1646627386.809635
0.031867810152415216,-0.02913597759335883,0.414422073176724,1646627386.8146355
0.031867810152415216,-0.04971645094796793,0.44072603485234585,1646627386.8196373
0.031867810152415216,-0.07988132098354528,0.47155031187919033,1646627386.825637
0.031867810152415216,-0.11026853494047195,0.5036365235336709,1646627386.8316398
0.01734523014962408,-0.1289580218784401,0.5552026932656818,1646627386.8396416
-0.014301423822027808,-0.1420308688926175,0.6241606715382426,1646627386.8476431
-0.04186341406711139,-0.16447337516873906,0.6916675891305788,1646627386.8536446
-0.06813736389220285,-0.17498762653537503,0.7603847590458718,1646627386.8586378
-0.0988668623432523,-0.17498762653537503,0.8478122298969337,1646627386.8636413
-0.13941399166727136,-0.17498762653537503,1.000621280595965,1646627386.8706415
-0.15172097987264843,-0.17498762653537503,1.1261571749516546,1646627386.875644
-0.15172097987264843,-0.17498762653537503,1.2576094689596455,1646627386.880571
-0.16681720231981026,-0.16093085603261878,1.3869627019600255,1646627386.8851519
-0.21414236225484937,-0.1326779521003671,1.538652135490566,1646627386.8901339
-0.28904319695897396,-0.11965650966130036,1.7026490113796056,1646627386.8951373
-0.39342709946776716,-0.11965650966130036,1.9118118206428378,1646627386.901138
-0.47669629357632737,-0.11965650966130036,2.131640888651189,1646627386.9071398
-0.5185136724454369,-0.11965650966130036,2.3731764703046294,1646627386.913141
-0.5288554438320484,-0.1338160424542533,2.646940981673778,1646627386.9191432
-0.5108866783967645,-0.14561893403956083,2.9139976585184346,1646627386.9241464
-0.47113934457902223,-0.1253013294282494,3.2214071816908447,1646627386.9291472
-0.4279745972640669,-0.0732517726549716,3.5530974254796615,1646627386.9341483
-0.3906609292661229,-0.01378967572286919,3.8971609300514913,1646627386.9391496
-0.3747256176000429,0.03025638017214751,4.254884602991037,1646627386.9441507
-0.3747256176000429,0.06222375395679992,4.634249015871394,1646627386.9491518
-0.39022971998648687,0.10483911372335125,5.0392109140880725,1646627386.954153
-0.43608226047492044,0.21299030267607286,5.658486085647784,1646627386.9611547
-0.47169839098563443,0.376151759422533,6.33564766806182,1646627386.9681606
-0.4798757684123007,0.5056599127456957,6.843903174540864,1646627386.9731624
-0.4715289761974393,0.6295161412734941,7.348598521119368,1646627386.9781628
-0.4631809900486321,0.7491955878483321,7.817700187108031,1646627386.9831638
-0.4631809900486321,0.8400881858963822,8.24062714530654,1646627386.9881651
-0.47938865761711946,0.8960311471071036,8.686953308123524,1646627386.9941664
-0.5158784895410574,0.9108623197340986,8.994382626799862,1646627386.9991639
-0.5767967827215673,0.8915563264990211,9.279562209164302,1646627387.0051644
-0.654354334051253,0.834578614344204,9.48878395957088,1646627387.0111673
-0.7532593568032929,0.736332522347553,9.627775704779598,1646627387.0181677
-0.8709927947698677,0.5775378731023124,9.624013802691907,1646627387.0261703
-0.9899347611529612,0.3979180213721938,9.507298264310267,1646627387.033172
-1.2097711293012923,0.13423580678406,9.17747115675584,1646627387.0441742
-1.3697790754523542,0.012347053549533138,8.86528728324749,1646627387.0521762
-1.4460805049809133,-0.01667835900857641,8.60236487372435,1646627387.058177
-1.468076040747175,-0.05308575996538194,8.279188350026379,1646627387.0641785
-1.3678798080875934,-0.330570325595682,7.483593301026668,1646627387.0751815
-1.2602046942074188,-0.7019409349824317,6.733131273310464,1646627387.083183
-1.272458504990414,-1.0859575749794474,6.019118657111591,1646627387.090185
-1.3881597799214997,-1.374153612703819,5.4365537074833306,1646627387.0961854
-1.5850477577165882,-1.5678725746254065,4.90288504310485,1646627387.1021872
-1.857905458705907,-1.678330159829273,4.430354017450764,1646627387.1081884
-2.213145857087582,-1.724355392086397,3.9553260324180686,1646627387.1151917
-2.665092090733464,-1.7002144139872077,3.3453618174204083,1646627387.1256676
-2.8602246850587925,-1.6631669754179297,3.036677250414107,1646627387.1317286
-3.0144129762687335,-1.616365822019459,2.7621230371768557,1646627387.1377308
-3.1457638772327536,-1.5617456221651635,2.532913471365155,1646627387.143733
-3.294026258552302,-1.408187878196729,2.260454629637955,1646627387.1537347
-3.326893998108882,-1.23006555881946,2.128884152471685,1646627387.1607366
-3.3529804905625005,-1.0422683138382896,1.9960328655368156,1646627387.1687384
-3.4041644818365913,-0.9577422248383846,1.8729371251693798,1646627387.1757393
-3.4515091555836634,-0.931129384598347,1.730402585360212,1646627387.1827412
-3.4839080580872475,-0.9129967782633858,1.5950073461041139,1646627387.1887422
-3.528043559353085,-0.8827721656776368,1.3709923938528905,1646627387.198745
-3.5418384318505263,-0.8641648508281289,1.1986476387188043,1646627387.206746
-3.5418384318505263,-0.850206730978863,1.0707631676121294,1646627387.212748
-3.524971279856157,-0.850206730978863,0.9404603439133394,1646627387.2187498
-3.4201882876770937,-0.850206730978863,0.6903966015606184,1646627387.2307553
-3.325298933866655,-0.850206730978863,0.48377943214325414,1646627387.241758
-3.29822600525287,-0.850206730978863,0.31361118268549815,1646627387.2517605
-3.29822600525287,-0.850206730978863,0.1966891038819253,1646627387.2597623
-3.29822600525287,-0.850206730978863,0.11663311316173539,1646627387.2667637
-3.29822600525287,-0.850206730978863,0.04342180445529334,1646627387.2757657
-3.28830693897535,-0.850206730978863,0.024575834822229765,1646627387.2817671
-3.263839832586594,-0.850206730978863,0.024575834822229765,1646627387.2887688
-3.2369715579216036,-0.850206730978863,0.024575834822229765,1646627387.2957702
-3.2080993413295915,-0.850206730978863,0.024575834822229765,1646627387.302772
-3.1932023037169652,-0.850206730978863,0.024575834822229765,1646627387.3097737
-3.1932023037169652,-0.850206730978863,0.024575834822229765,1646627387.3167753
-3.1932023037169652,-0.850206730978863,0.024575834822229765,1646627387.3237767
-3.212424881643774,-0.8332311285297461,0.024575834822229765,1646627387.3317785
-3.2619297165915815,-0.7969016378503152,0.03942621424220194,1646627387.33978
-3.3109536783004723,-0.7671376624780485,0.06103780753367736,1646627387.3457818
-3.3967555144230466,-0.7417292204119398,0.07849041590887702,1646627387.3557835
-3.4529971431328725,-0.7417292204119398,0.07849041590887702,1646627387.3627853
-3.515993695575661,-0.7417292204119398,0.07849041590887702,1646627387.3707867
-3.5763511948497095,-0.7417292204119398,0.07849041590887702,1646627387.3777888
-3.6352374889752115,-0.7417292204119398,0.07849041590887702,1646627387.3847897
-3.671025954447127,-0.7417292204119398,0.07849041590887702,1646627387.3907914
-3.7112484010713778,-0.7417292204119398,0.10268141091772781,1646627387.4007938
-3.726335874070247,-0.7277089997197748,0.1456074819632148,1646627387.4087956
-3.726335874070247,-0.7171936253301919,0.1810360288830919,1646627387.414797
-3.726335874070247,-0.7171936253301919,0.2124492473476445,1646627387.4207985
-3.726335874070247,-0.7171936253301919,0.22845580252072262,1646627387.4278283
-3.726335874070247,-0.7171936253301919,0.22845580252072262,1646627387.4358294
-3.726335874070247,-0.7171936253301919,0.22845580252072262,1646627387.4418314
-3.726335874070247,-0.7171936253301919,0.22845580252072262,1646627387.447832
-3.726335874070247,-0.7171936253301919,0.23847867970225392,1646627387.453833
-3.7373768961894447,-0.7171936253301919,0.2587278936631812,1646627387.4598346
-3.766327778189104,-0.7171936253301919,0.28214500074259363,1646627387.4667654
-3.7986018174812757,-0.7171936253301919,0.2938744873311117,1646627387.4737687
-3.839503146931273,-0.7171936253301919,0.2938744873311117,1646627387.4827697
-3.8714344135103924,-0.7171936253301919,0.2938744873311117,1646627387.4897733
-3.9003819926164387,-0.7171936253301919,0.2938744873311117,1646627387.4957685
-3.9305787463050934,-0.7171936253301919,0.2938744873311117,1646627387.501771
-3.9592430103189606,-0.7171936253301919,0.2938744873311117,1646627387.5077724
-3.972972127260843,-0.7171936253301919,0.30423670164442707,1646627387.513774
-3.972972127260843,-0.7171936253301919,0.3265071058847814,1646627387.519775
-3.972972127260843,-0.7171936253301919,0.3642227662893726,1646627387.53878
-3.990899225582322,-0.7171936253301919,0.3642227662893726,1646627387.547782
-4.010818118205748,-0.7171936253301919,0.3830091113318343,1646627387.557784
-4.010818118205748,-0.7171936253301919,0.4124181604966398,1646627387.5657856
-4.010818118205748,-0.7171936253301919,0.4285971644197848,1646627387.574788
-4.010818118205748,-0.7171936253301919,0.4285971644197848,1646627387.5827909
-4.02233200829045,-0.7171936253301919,0.4285971644197848,1646627387.589791
-4.032203970042171,-0.7171936253301919,0.4285971644197848,1646627387.595793
-4.032203970042171,-0.7171936253301919,0.4285971644197848,1646627387.6037943
-4.032203970042171,-0.7171936253301919,0.4285971644197848,1646627387.6087952
-4.032203970042171,-0.7171936253301919,0.4285971644197848,1646627387.6157823
-4.032203970042171,-0.7171936253301919,0.4285971644197848,1646627387.6257896
-4.046226001013183,-0.7171936253301919,0.4285971644197848,1646627387.6327906
-4.072360719026869,-0.7171936253301919,0.4285971644197848,1646627387.6387844
-4.098916540130641,-0.7171936253301919,0.4285971644197848,1646627387.6447861
-4.119647647153953,-0.7171936253301919,0.4285971644197848,1646627387.6497874
-4.143662500327285,-0.7171936253301919,0.4285971644197848,1646627387.6557891
-4.155206496445388,-0.7171936253301919,0.4285971644197848,1646627387.6617906
-4.155206496445388,-0.7171936253301919,0.4285971644197848,1646627387.6677227
-4.155206496445388,-0.7171936253301919,0.4285971644197848,1646627387.6737251
-4.155206496445388,-0.7171936253301919,0.4285971644197848,1646627387.6794443
-4.155206496445388,-0.7171936253301919,0.4285971644197848,1646627387.685447
-4.155206496445388,-0.7171936253301919,0.4285971644197848,1646627387.691448
-4.155206496445388,-0.7171936253301919,0.4285971644197848,1646627387.6974494
-4.155206496445388,-0.7171936253301919,0.4285971644197848,1646627387.703451
-4.155206496445388,-0.7171936253301919,0.4285971644197848,1646627387.709452
-4.155206496445388,-0.7171936253301919,0.4285971644197848,1646627387.715454
-4.155206496445388,-0.7171936253301919,0.4285971644197848,1646627387.7224553
-4.155206496445388,-0.7171936253301919,0.4285971644197848,1646627387.7324576
-4.155206496445388,-0.7171936253301919,0.4285971644197848,1646627387.7394595
-4.155206496445388,-0.7171936253301919,0.4285971644197848,1646627387.7453802
-4.1675950675239894,-0.7171936253301919,0.4285971644197848,1646627387.7513826
-4.203249518461961,-0.7171936253301919,0.4143850619851056,1646627387.759443
-4.232399980357988,-0.7171936253301919,0.39159506260789173,1646627387.7654448
-4.264273351616877,-0.7171936253301919,0.3660578859326189,1646627387.7714462
-4.298146210576765,-0.7171936253301919,0.33935216584410705,1646627387.7774477
-4.328388212456368,-0.7171936253301919,0.31244976880635394,1646627387.7834501
-4.3524759042728,-0.7171936253301919,0.2841252230539799,1646627387.7893853
-4.370854112964209,-0.7171936253301919,0.2570709208795748,1646627387.794387
-4.39422296721718,-0.7171936253301919,0.22325367517068523,1646627387.8002524
-4.419255677092637,-0.7171936253301919,0.19029072695959512,1646627387.806158
-4.431728182838836,-0.7171936253301919,0.1603256031256595,1646627387.8121603
-4.441422533704337,-0.7171936253301919,0.13415436646321446,1646627387.8181603
-4.459877519906186,-0.7171936253301919,0.11316627058311966,1646627387.8231616
-4.488827245706841,-0.7171936253301919,0.08558896488020501,1646627387.8294442
-4.516373454830286,-0.7171936253301919,0.057819872908607226,1646627387.8354468
-4.528707729476237,-0.7171936253301919,0.026370335952511925,1646627387.8414478
-4.528707729476237,-0.7171936253301919,-0.015238980845683765,1646627387.8484504
-4.528707729476237,-0.7171936253301919,-0.05157255798957167,1646627387.854451
-4.528707729476237,-0.7171936253301919,-0.09308302047441183,1646627387.861453
-4.540515885342198,-0.7171936253301919,-0.13617945135825468,1646627387.868455
-4.577029361107237,-0.7171936253301919,-0.20261047696966764,1646627387.8774567
-4.63802208163386,-0.7171936253301919,-0.29412402350150435,1646627387.8874588
-4.699179567492783,-0.7171936253301919,-0.3747848222092909,1646627387.8954608
-4.757809926498583,-0.7171936253301919,-0.45446873907409996,1646627387.9034624
-4.819030060946298,-0.7171936253301919,-0.5560841251182093,1646627387.913465
-4.862060786385156,-0.7171936253301919,-0.6438022880352007,1646627387.9214668
-4.894882791733429,-0.7171936253301919,-0.7243522814865009,1646627387.9284682
-4.906993017645958,-0.7074551366827313,-0.7935921622711858,1646627387.9344695
-4.919571611278314,-0.6827341887055061,-0.8743801074762788,1646627387.9414709
-4.9553907851380545,-0.6693738364769656,-0.9616842909286816,1646627387.9484727
-5.012191552815204,-0.6693738364769656,-1.06191151381578,1646627387.9554741
-5.095382812993139,-0.6693738364769656,-1.2084771486815742,1646627387.964476
-5.158418774583655,-0.6693738364769656,-1.3578042203098553,1646627387.9724782
-5.2031497887284,-0.6693738364769656,-1.507680318810341,1646627387.9794796
-5.237702369398044,-0.6693738364769656,-1.6445611774542834,1646627387.9854803
-5.281187097003992,-0.6693738364769656,-1.8276615497594035,1646627387.9934828
-5.321312127091653,-0.6693738364769656,-2.01838247034687,1646627388.0014849
-5.38770676390674,-0.6556405357136198,-2.222769859472087,1646627388.0094857
-5.482654663929856,-0.6127248777649197,-2.4083707086158777,1646627388.0164876
-5.57883504512434,-0.5552206305447552,-2.6090081259893982,1646627388.0234897
-5.675146233138707,-0.5012534453470487,-2.8405676113241265,1646627388.030491
-5.875711794029812,-0.35568415577999324,-3.2421645426288315,1646627388.0414937
-6.027005543310316,-0.18899179060893834,-3.614183305772068,1646627388.050495
-6.070698660786798,-0.06656216433818359,-3.9596426229787167,1646627388.0574965
-6.047181787015099,0.06755586544484586,-4.43089931315163,1646627388.065499
-5.950749699150938,0.16075190328450933,-5.274259751843031,1646627388.0765018
-5.874174909050318,0.11875246460862258,-6.029190110206388,1646627388.0845027
-5.899671398440103,0.026745456915039725,-7.0137519649182964,1646627388.0945053
-6.059104394868343,-0.034271520133024466,-7.8373744840676585,1646627388.1035078
-6.259236255681973,-0.11280654015995342,-8.444253213002844,1646627388.1115093
-6.422428933988029,-0.35960925163412016,-9.069650083214999,1646627388.1235125
-6.369468023599872,-0.6309551736515295,-9.290373696045569,1646627388.1325142
-6.264410718759741,-0.8612210011795192,-9.29829133987606,1646627388.1405163
-6.1450400541729016,-1.0682976384365086,-9.109384566256626,1646627388.150519
-6.107525423834536,-1.1894430862415435,-8.82782880755637,1646627388.1585202
-6.199378408099825,-1.2426209028226027,-8.431407905303498,1646627388.1665218
-6.464090275791784,-1.204144789068068,-7.9787142271372975,1646627388.1735227
-6.815823141758011,-1.1485867463789545,-7.4699168176405,1646627388.1805253
-7.079757084419949,-1.1522024353350788,-6.971425227010492,1646627388.187526
-7.51383422983247,-1.3031812554292017,-5.789639916843335,1646627388.2045302
-7.765608756445784,-1.3565134695442214,-5.144390089843174,1646627388.2135324
-8.017017438725139,-1.3307507106910124,-4.619199255434824,1646627388.220534
-8.282072097820448,-1.2648932080691195,-4.079429537108551,1646627388.2275357
-8.481101488817572,-1.1965869056973264,-3.6265007785292633,1646627388.2335372
-8.666129018454878,-1.1399064481777397,-3.1445652481955,1646627388.2405386
-8.80579649313703,-1.122819098323494,-2.7349980706017223,1646627388.2475402
-8.884477171123637,-1.1491282665917453,-2.381156679764936,1646627388.2545416
-8.90371222580908,-1.205570430363122,-2.0632091016949747,1646627388.2615435
-8.90371222580908,-1.2497387247158425,-1.766111307863663,1646627388.268794
-8.90371222580908,-1.281031555300684,-1.520373273186405,1646627388.2757957
-8.931818166181143,-1.3278511169540466,-1.3158760233347748,1646627388.282798
-9.001295818041465,-1.3558948987262613,-1.123878789805239,1646627388.2897997
-9.085403827901294,-1.3442956528007415,-0.9393267478256625,1646627388.2967975
-9.174752515235506,-1.332688898249533,-0.779379063530721,1646627388.3037999
-9.262357268259642,-1.332688898249533,-0.6474739967200243,1646627388.310802
-9.322917744032404,-1.3455473790755816,-0.5374257004838096,1646627388.3178039
-9.342435660225116,-1.3774713354226744,-0.44134839092580047,1646627388.3248048
-9.342435660225116,-1.396540510323861,-0.33759973625875617,1646627388.3318064
-9.342435660225116,-1.384224495776364,-0.21404889338745642,1646627388.338808
-9.326459371226985,-1.3719089006116623,-0.08425063412062064,1646627388.3458095
-9.297468812074928,-1.3719089006116623,0.038156521762892706,1646627388.352811
-9.284454642820206,-1.3719089006116623,0.1487615883000658,1646627388.359813
-9.27033888051264,-1.3719089006116623,0.2476272373142983,1646627388.3668141
-9.222091151914615,-1.3719089006116623,0.3489123025613399,1646627388.3748162
-9.15738815499188,-1.3719089006116623,0.42740295218841284,1646627388.3828182
-9.124802057727154,-1.3719089006116623,0.47844980333064757,1646627388.3908195
-9.124802057727154,-1.3719089006116623,0.5212025176710261,1646627388.3988216
-9.124802057727154,-1.3719089006116623,0.5669743595743674,1646627388.4068234
-9.124802057727154,-1.3719089006116623,0.6128578277971399,1646627388.4148254
-9.145251850908972,-1.3719089006116623,0.668864944787822,1646627388.4238272
-9.167973783152071,-1.3447499082983096,0.7338321569800157,1646627388.433829
-9.196122542972292,-1.2955238252850116,0.7890680561625119,1646627388.4438322
-9.254029555259734,-1.2778757924254256,0.8084786195006739,1646627388.4518332
-9.31492295515674,-1.2778757924254256,0.8084786195006739,1646627388.4598372
-9.365718398100654,-1.2778757924254256,0.8258275879021167,1646627388.4688373
-9.412079364640629,-1.2572973143667243,0.8637298624895581,1646627388.4778397
-9.467091755948948,-1.236720471293965,0.8842769401797358,1646627388.4868414
-9.617872181415986,-1.236720471293965,0.8842769401797358,1646627388.5098464
-9.666281162498228,-1.236720471293965,0.8972324999890499,1646627388.5178483
-9.689536755076334,-1.236720471293965,0.9241636916706018,1646627388.5258224
-9.689536755076334,-1.236720471293965,0.9585613084612536,1646627388.5328257
-9.689536755076334,-1.236720471293965,1.0052051710220364,1646627388.5398266
-9.689536755076334,-1.236720471293965,1.049502514990811,1646627388.5464733
-9.689536755076334,-1.236720471293965,1.091603212500813,1646627388.553476
-9.689536755076334,-1.236720471293965,1.1329178380664444,1646627388.5604784
-9.689536755076334,-1.236720471293965,1.1793668745678598,1646627388.5674796
-9.689536755076334,-1.236720471293965,1.2398148992447615,1646627388.5754812
-9.689536755076334,-1.236720471293965,1.3020961106068392,1646627388.5834832
-9.689536755076334,-1.236720471293965,1.362277738440014,1646627388.591485
-9.689536755076334,-1.236720471293965,1.4406795109721955,1646627388.6024873
-9.689536755076334,-1.236720471293965,1.4916021960563604,1646627388.6104896
-9.689536755076334,-1.236720471293965,1.527113314798233,1646627388.6174908
-9.689536755076334,-1.236720471293965,1.5420482539857536,1646627388.6244924
-9.689536755076334,-1.236720471293965,1.5536439950272205,1646627388.6314936
-9.689536755076334,-1.236720471293965,1.5816919627668606,1646627388.6384954
-9.689536755076334,-1.236720471293965,1.6186469652206272,1646627388.6464968
-9.689536755076334,-1.236720471293965,1.6485950218028433,1646627388.6534986
-9.70546416606063,-1.236720471293965,1.6646626225304793,1646627388.6615002
-9.73838803717453,-1.236720471293965,1.6646626225304793,1646627388.6685023
-9.776742749213183,-1.236720471293965,1.6646626225304793,1646627388.675504
-9.808655900424853,-1.236720471293965,1.6646626225304793,1646627388.6825051
-9.821201123663958,-1.236720471293965,1.6646626225304793,1646627388.6895068
-9.821201123663958,-1.236720471293965,1.6646626225304793,1646627388.6967652
-9.821201123663958,-1.236720471293965,1.6777905648319895,1646627388.7048423
-9.821201123663958,-1.236720471293965,1.7049231883946825,1646627388.7128448
-9.83574418447239,-1.236720471293965,1.7363570633365022,1646627388.7218468
-9.863521947203681,-1.236720471293965,1.7501745856613615,1646627388.729849
-9.880226358022702,-1.236720471293965,1.7501745856613615,1646627388.7388508
-9.880226358022702,-1.236720471293965,1.773294572680718,1646627388.7478359
-9.880226358022702,-1.236720471293965,1.8373627296734765,1646627388.7584922
-9.880226358022702,-1.236720471293965,1.8921063805088452,1646627388.7664952
-9.880226358022702,-1.236720471293965,1.949583167875963,1646627388.7754974
-9.897722670195858,-1.236720471293965,1.9967878518089865,1646627388.783499
-9.92931532060324,-1.236720471293965,2.0423034686121313,1646627388.7915003
-9.946938075254689,-1.236720471293965,2.0980801403760694,1646627388.801503
-9.946938075254689,-1.236720471293965,2.224406522525447,1646627388.8225079
-9.946938075254689,-1.236720471293965,2.324594633995706,1646627388.836511
-9.946938075254689,-1.236720471293965,2.3894879366357658,1646627388.8455122
-9.946938075254689,-1.236720471293965,2.43839432312586,1646627388.8535147
-9.946938075254689,-1.236720471293965,2.478357840842747,1646627388.8615162
-9.959886060983465,-1.236720471293965,2.51215744448877,1646627388.8695178
-9.972835204125822,-1.236720471293965,2.5501832620749036,1646627388.87752
-9.972835204125822,-1.236720471293965,2.5928061565982405,1646627388.8849223
-9.972835204125822,-1.236720471293965,2.6381144266381926,1646627388.8919241
-9.972835204125822,-1.236720471293965,2.6916880317209437,1646627388.899927
-9.972835204125822,-1.236720471293965,2.7455338157584035,1646627388.9089248
-9.972835204125822,-1.236720471293965,2.8257515228434604,1646627388.923929
-9.972835204125822,-1.236720471293965,2.920827726737657,1646627388.9399328
-9.972835204125822,-1.236720471293965,2.980638811961995,1646627388.9489348
-9.972835204125822,-1.236720471293965,3.0521708920056567,1646627388.9589372
-9.972835204125822,-1.236720471293965,3.1379827951824315,1646627388.9699395
-9.972835204125822,-1.236720471293965,3.202764627536371,1646627388.9783666
-9.972835204125822,-1.236720471293965,3.2615660112056686,1646627388.9863703
-9.993096147116134,-1.236720471293965,3.3596130300534948,1646627388.9983718
-10.025488411821717,-1.236720471293965,3.454519804605839,1646627389.0079358
-10.054825418227177,-1.236720471293965,3.5414141348634582,1646627389.015939
-10.070564796371084,-1.236720471293965,3.6323873238809483,1646627389.023941
-10.136954974106928,-1.236720471293965,4.001317575923974,1646627389.047946
-10.269857982102334,-1.236720471293965,4.496911747279625,1646627389.0719514
-10.331139752757828,-1.2668874599484397,4.730434117593199,1646627389.0819535
-10.402237845655213,-1.340339520706702,4.983789195885072,1646627389.091956
-10.465423560996467,-1.4246546318650872,5.236047874680016,1646627389.1009579
-10.5447901256633,-1.5058645413505567,5.607985428184804,1646627389.1109602
-10.660987012436212,-1.5428349832981785,6.245058797221683,1646627389.122963
-10.74183580616166,-1.5428349832981785,6.87154455294486,1646627389.131965
-10.812863539620256,-1.5197972121360421,7.677879353236172,1646627389.1411026
-10.839503969423637,-1.4710190355988315,8.420217813946318,1646627389.1481037
-10.839503969423637,-1.389953267391183,9.595024567541927,1646627389.158106
-10.897145762373725,-1.335312874112073,10.58036497509795,1646627389.1661074
-11.093672925279524,-1.2432515261907888,11.673314156209875,1646627389.1748962
-11.391638514315787,-1.1143608948790535,12.64534972682696,1646627389.182899
-11.73171505026812,-1.004511897202172,13.426308740541362,1646627389.1899014
-12.18508478886145,-0.9293407918321022,14.23770559292084,1646627389.1984074
-12.653125142748907,-0.9137261634368826,14.858890642456526,1646627389.2064104
-13.146940471475844,-0.9137261634368826,15.349656175140726,1646627389.2144132
-13.561842178470746,-0.9692822990932163,15.698036386138478,1646627389.2224152
-13.934143737851032,-1.076593402892612,15.912314321338087,1646627389.2304158
-14.244603550763692,-1.0736136912909844,16.095848311549553,1646627389.2384176
-14.393343807570913,-0.9422762024026892,16.26874024957119,1646627389.2464197
-14.50944266908505,-0.8071928689700327,16.340377954206115,1646627389.2544215
-14.75009537713584,-0.7123677186509232,16.17279819233242,1646627389.2623236
-15.062529872432787,-0.70057211621997,15.70176604397942,1646627389.2703276
-15.395044472813764,-0.7913530126834263,15.002410125573741,1646627389.278906
-15.877726312821189,-0.8171980777560808,14.224069480190824,1646627389.2869081
-16.560568605500553,-0.7840902110565418,13.256203693811575,1646627389.2949102
-17.144206520795407,-0.9727548040480872,12.174849034921804,1646627389.3029125
-17.46553462437313,-1.3913386405639645,11.09359102911202,1646627389.310914
-17.59029563741106,-1.8023602854084524,10.012268587915578,1646627389.318916
-17.55501248541463,-2.2548205923060833,8.666215424031913,1646627389.3289146
-17.412457331960226,-2.5693670233722483,7.709352498077308,1646627389.336918
-17.188364309092332,-2.8190743744582227,6.940385130573131,1646627389.34492
-16.86595416963986,-3.068299596597164,6.298476888484387,1646627389.3529215
-16.447945859887756,-3.323875357422723,5.764411173596207,1646627389.3609238
-16.095900253607507,-3.533193385885734,5.37207765362936,1646627389.3679261
-15.819837234282708,-3.773085861533164,4.970082776146501,1646627389.376927
-15.79381562768555,-3.8487612301788077,4.7078570311235985,1646627389.38493
-15.94418763988922,-3.8087972437465694,4.458294349496635,1646627389.393931
-16.176824134965216,-3.7906361224010134,4.1609298285518435,1646627389.4039335
-16.41611822828015,-3.7906361224010134,3.835015408489082,1646627389.4139361
-16.76904232413202,-3.714548960431991,3.42769555014177,1646627389.4319406
-16.933394268466476,-3.4993494241758802,3.381409134258038,1646627389.4519439
-16.933394268466476,-3.4037904050567156,3.463750667009182,1646627389.4609463
-16.91346122648115,-3.312550704927009,3.5877255558279177,1646627389.470949
-16.870989325837037,-3.2275668604535688,3.7079559747251967,1646627389.4799511
-16.849083730152195,-3.175426330506593,3.7943725787290217,1646627389.4879894
-16.8726835132192,-3.1588088856492784,3.8547783107812696,1646627389.4959588
-16.917611195445517,-3.1588088856492784,3.898217059838063,1646627389.5039606
-16.936188615090984,-3.1418103177983863,3.9138596192273476,1646627389.510962
-16.936188615090984,-3.117526318667397,3.9138596192273476,1646627389.5209641
-16.957866114798055,-3.117526318667397,3.880965575463889,1646627389.5309665
-17.01546419936604,-3.117526318667397,3.8184883377176484,1646627389.5399685
-17.116473937452188,-3.0952399372058435,3.7652417376133704,1646627389.5489705
-17.270820740022423,-3.041600540099835,3.7190185106551867,1646627389.5589771
-17.428248826702152,-3.012747940101549,3.676185253283346,1646627389.5689793
-17.525630514666997,-3.012747940101549,3.6451691101949204,1646627389.576981
-17.594857982203308,-3.012747940101549,3.6295675550972084,1646627389.5849829
-17.66185264367304,-3.012747940101549,3.6295675550972084,1646627389.593985
-17.731224363496658,-2.997856617410791,3.6295675550972084,1646627389.6029868
-17.801801114038582,-2.9829645059011596,3.6295675550972084,1646627389.611989
-17.853963915474882,-2.9829645059011596,3.6295675550972084,1646627389.6199908
-17.890260817016774,-2.9829645059011596,3.6295675550972084,1646627389.6279929
-17.9199841288203,-2.9829645059011596,3.6295675550972084,1646627389.6359944
-17.9502445476877,-2.9829645059011596,3.6295675550972084,1646627389.6439962
-17.980945228559936,-2.9829645059011596,3.6295675550972084,1646627389.651998
-18.012366992780454,-2.9829645059011596,3.6295675550972084,1646627389.6680017
-18.012366992780454,-2.9829645059011596,3.6295675550972084,1646627389.6790042
-18.050375004509156,-2.9829645059011596,3.6295675550972084,1646627389.6900065
-18.11401318127821,-2.9829645059011596,3.6295675550972084,1646627389.6980083
-18.175173082717645,-2.9829645059011596,3.6295675550972084,1646627389.7050142
-18.30490260823355,-2.9829645059011596,3.6295675550972084,1646627389.7250204
-18.33660973570365,-2.9829645059011596,3.6295675550972084,1646627389.7330232
-18.363019729075084,-2.9829645059011596,3.6295675550972084,1646627389.7400239
-18.40341481180663,-2.9829645059011596,3.6295675550972084,1646627389.750027
-18.4472277223509,-2.962095231657467,3.6295675550972084,1646627389.760028
-18.494969829259922,-2.915490212235665,3.6295675550972084,1646627389.76903
-18.544078511674872,-2.890761222846584,3.6295675550972084,1646627389.7770321
-18.597580982838323,-2.890761222846584,3.6295675550972084,1646627389.7850335
-18.651424923984344,-2.890761222846584,3.6295675550972084,1646627389.7930353
-18.72688180489291,-2.890761222846584,3.6295675550972084,1646627389.8160253
-18.72688180489291,-2.890761222846584,3.6295675550972084,1646627389.8240025
-18.807680253448996,-2.890761222846584,3.6295675550972084,1646627389.8490083
-18.860136694857598,-2.890761222846584,3.6144140255987214,1646627389.8580103
-18.880959148241207,-2.890761222846584,3.5851513016407446,1646627389.8660312
-18.880959148241207,-2.890761222846584,3.5562961885668027,1646627389.8740153
-18.880959148241207,-2.890761222846584,3.541450415680908,1646627389.8830178
-18.880959148241207,-2.890761222846584,3.541450415680908,1646627389.8920197
-18.880959148241207,-2.890761222846584,3.541450415680908,1646627389.9010267
-18.880959148241207,-2.890761222846584,3.541450415680908,1646627389.9100282
-18.880959148241207,-2.890761222846584,3.541450415680908,1646627389.9190304
-18.880959148241207,-2.890761222846584,3.541450415680908,1646627389.9290338
-18.90152479017398,-2.890761222846584,3.5259338665894733,1646627389.938035
-18.93828428136997,-2.890761222846584,3.491239912999615,1646627389.946037
-18.987416650877723,-2.890761222846584,3.4402030470871967,1646627389.9560392
-19.054789153258877,-2.890761222846584,3.407816345272331,1646627389.9690418
-19.109366735630882,-2.890761222846584,3.407816345272331,1646627389.9800456
-19.135569144040115,-2.890761222846584,3.407816345272331,1646627389.9910474
-19.135569144040115,-2.890761222846584,3.407816345272331,1646627390.0010495
-19.135569144040115,-2.890761222846584,3.387146381135521,1646627390.013053
-19.150302359561895,-2.890761222846584,3.3716461661031225,1646627390.0220542
-19.180535273948855,-2.890761222846584,3.3530690932068166,1646627390.0310562
-19.20292167194244,-2.890761222846584,3.2987932662398674,1646627390.0440588
-19.20292167194244,-2.890761222846584,3.2593379903761703,1646627390.0530627
-19.218371816676623,-2.890761222846584,3.210353403284778,1646627390.0620632
-19.254469045452126,-2.890761222846584,3.14764129892657,1646627390.0710652
-19.27511531423491,-2.890761222846584,3.0813000618966573,1646627390.0800679
-19.294679675469524,-2.890761222846584,3.003230652540142,1646627390.0910695
-19.33842985930024,-2.890761222846584,2.935675194682957,1646627390.1000714
-19.39251164377101,-2.890761222846584,2.868786290588272,1646627390.1080735
-19.434170803492297,-2.890761222846584,2.8085054520157455,1646627390.115075
-19.452360220434493,-2.890761222846584,2.7441559457032176,1646627390.123077
-19.452360220434493,-2.890761222846584,2.6948871907073415,1646627390.1300783
-19.452360220434493,-2.890761222846584,2.651241064227894,1646627390.1370797
-19.452360220434493,-2.890761222846584,2.602143309155911,1646627390.1450815
-19.452360220434493,-2.890761222846584,2.547324633946503,1646627390.1530833
-19.463634734715267,-2.890761222846584,2.4858198423771487,1646627390.160085
-19.489599255059744,-2.9037581286348644,2.3918948971309537,1646627390.1680865
-19.50104612537345,-2.9296151430977018,2.2896833329888433,1646627390.1750891
-19.50104612537345,-2.966697654964095,2.1542336329086864,1646627390.1830914
-19.50104612537345,-3.0061753922801535,2.020671652941792,1646627390.1900673
-19.53334467173313,-3.0470568055264193,1.862651378270082,1646627390.1980708
-19.617206424819038,-3.063176166221702,1.7240328300109036,1646627390.206072
-19.729730479484456,-3.0381414116759453,1.6143112054196356,1646627390.2140734
-19.86767277042315,-2.975550066116291,1.53038686093876,1646627390.2220755
-20.028906045799417,-2.8788790428753797,1.494408539470979,1646627390.2300775
-20.166620085245345,-2.735996135489101,1.5110066343558608,1646627390.2380123
-20.241305745652696,-2.5645519284715523,1.527746367381042,1646627390.2460148
-20.261355839947804,-2.4209179689301283,1.509682850876435,1646627390.2540174
-20.239574817623787,-2.3414657387867805,1.4445508165765282,1646627390.262019
-20.156191191854916,-2.3191777749826863,1.3111287565494867,1646627390.2700207
-20.011005876930135,-2.3191777749826863,1.0932518756642682,1646627390.2780223
-19.818043853237423,-2.333830809487316,0.7885275608470551,1646627390.286024
-19.60255365168287,-2.348483843991946,0.3876311065872052,1646627390.294026
-19.46184407044122,-2.286827460053423,-0.1311364860701159,1646627390.3020277
-19.47569127204201,-2.1065704721644494,-0.7836636102769325,1646627390.3100297
-19.693633403305224,-1.858881403621138,-1.6897426750004825,1646627390.3190315
-20.049168893503772,-1.7192049596418089,-3.0436452871775126,1646627390.3300343
-20.230058483765863,-1.8515335318326536,-4.124838857600639,1646627390.3380353
-20.381111773611657,-2.2127718991127328,-5.341411175391624,1646627390.3470383
-20.456059617296994,-2.686646297300408,-6.557822404715965,1646627390.35604
-20.416425879032534,-3.1036945920084444,-7.563535539194474,1646627390.364042
-20.44267907043612,-3.370810199676532,-8.253580588768113,1646627390.3720438
-20.626240751095217,-3.5013869453659834,-8.530141734975984,1646627390.3800457
-20.928114593885667,-3.5929694158323984,-8.437556272397137,1646627390.3890896
-21.273997712320043,-3.5578137020313725,-7.87368108974406,1646627390.3990514
-21.47601808620068,-3.392529846421567,-7.0424748517708355,1646627390.4080913
-21.526204764600923,-3.2394557321915975,-6.182977508893296,1646627390.4160583
-21.55713799804147,-3.086054264500099,-5.138648482816752,1646627390.4260604
-21.65945904537792,-3.0320521942894043,-4.390047923198485,1646627390.4340618
-21.927661361475003,-3.013436718129401,-3.5097567311986557,1646627390.4440649
-22.440706530564423,-2.8746365701641996,-2.6139133713236795,1646627390.454067
-23.076289970955504,-2.679148362447522,-1.818132602518554,1646627390.463069
-23.762118577547362,-2.582126839892731,-1.1099509777735825,1646627390.473071
-24.480291118018283,-2.7049933893412743,-0.6212220386699265,1646627390.4840734
-25.03009771615007,-2.867614759943426,-0.39180603526748037,1646627390.4920745
-25.63437456807524,-3.023017886769221,-0.13719023488459986,1646627390.5010772
-26.113012202477215,-3.14735843349273,0.16318680057658919,1646627390.5100794
-26.463325085016624,-3.198740947102321,0.5017706982842384,1646627390.5190814
-26.743545773408773,-3.2510833923820197,0.9175283102291479,1646627390.5300841
-26.791221522559496,-3.3375886739908887,1.256669374649816,1646627390.5400863
-26.699773887463703,-3.4332658255306243,1.5589234487297157,1646627390.5500886
-26.56877888405763,-3.4956911541925892,1.8798085202802568,1646627390.5610907
-26.40849614400049,-3.5344731795687525,2.150437913405186,1646627390.5710933
-26.222868052698686,-3.554781562934071,2.405249111490503,1646627390.5800953
-26.056496002013038,-3.486822146772979,2.6772932369729685,1646627390.5890512
-25.978463768856624,-3.388661891140948,2.95181871515448,1646627390.5990546
-25.938956512761383,-3.3145051735028694,3.178379437476983,1646627390.6090574
-25.88359675060575,-3.2633903997002225,3.3268664889342223,1646627390.6180546
-25.89231589416735,-3.2464783621838977,3.394092968496165,1646627390.626057
-25.968177665000514,-3.262744123101758,3.4108130852262417,1646627390.6350586
-26.019539588678473,-3.304854596888818,3.4108130852262417,1646627390.645062
-25.996640343974786,-3.328886028910138,3.4272434257208455,1646627390.6550639
-25.946045463215917,-3.328886028910138,3.446960147638782,1646627390.6670663
-25.92485493796278,-3.328886028910138,3.446960147638782,1646627390.6780694
-25.961644931659098,-3.328886028910138,3.446960147638782,1646627390.6900718
-26.04758888705279,-3.328886028910138,3.446960147638782,1646627390.700074
-26.15255592531759,-3.328886028910138,3.446960147638782,1646627390.7090762
-26.241930759113536,-3.328886028910138,3.446960147638782,1646627390.7187884
-26.30719194117898,-3.328886028910138,3.446960147638782,1646627390.7287927
-26.34173733856917,-3.328886028910138,3.463421910329051,1646627390.7387948
-26.34173733856917,-3.328886028910138,3.5012669664763827,1646627390.7497973
-26.361250666842775,-3.328886028910138,3.5478406806777514,1646627390.7617996
-26.37588731044563,-3.328886028910138,3.5945645603689345,1646627390.7708023
-26.40927772185953,-3.2908994478791116,3.6659430042970556,1646627390.780132
-26.479493360224836,-3.2260739687072912,3.7353034899826008,1646627390.7891345
-26.544543527274655,-3.197900766980049,3.784120751329474,1646627390.7981374
-26.586645016451953,-3.1848308129008513,3.802241583566243,1646627390.806138
-26.62829327923369,-3.16859551278948,3.802241583566243,1646627390.8160763
-26.645696425131565,-3.16859551278948,3.802241583566243,1646627390.8250787
-26.645696425131565,-3.16859551278948,3.802241583566243,1646627390.834082
-26.645696425131565,-3.16859551278948,3.802241583566243,1646627390.8430843
-26.663521986178782,-3.16859551278948,3.802241583566243,1646627390.8520858
-26.69763916787902,-3.16859551278948,3.802241583566243,1646627390.8610873
-26.728478106672235,-3.16859551278948,3.802241583566243,1646627390.8700898
-26.74302215788917,-3.16859551278948,3.802241583566243,1646627390.8790913
-26.74302215788917,-3.191982031062967,3.802241583566243,1646627390.8890939
-26.74302215788917,-3.2320855002561166,3.802241583566243,1646627390.8980956
-26.74302215788917,-3.2532609559596746,3.802241583566243,1646627390.908098
-26.74302215788917,-3.2532609559596746,3.802241583566243,1646627390.9171002
-26.74302215788917,-3.2692675872289696,3.802241583566243,1646627390.9257324
-26.74302215788917,-3.284107961709655,3.8176774225323515,1646627390.9337356
-26.74302215788917,-3.265416451966678,3.8671210756458247,1646627390.9427378
-26.763025093056346,-3.222899820030988,3.9379369805903868,1646627390.952741
-26.807704595816862,-3.201156998969597,4.004668962888023,1646627390.962742
-26.853922829225123,-3.201156998969597,4.057581364808699,1646627390.9717438
-26.90127846601679,-3.201156998969597,4.104317223597679,1646627390.9817462
-26.948010268717443,-3.201156998969597,4.1473927039741625,1646627390.9937491
-26.966270508136365,-3.201156998969597,4.181976003840371,1646627391.0037518
-26.966270508136365,-3.201156998969597,4.223651024969222,1646627391.0137532
-26.966270508136365,-3.201156998969597,4.262060583497235,1646627391.0227556
-26.966270508136365,-3.201156998969597,4.280311823335726,1646627391.032264
-26.966270508136365,-3.201156998969597,4.280311823335726,1646627391.042266
-26.966270508136365,-3.201156998969597,4.280311823335726,1646627391.052026
-26.966270508136365,-3.201156998969597,4.280311823335726,1646627391.0607574
-26.966270508136365,-3.201156998969597,4.280311823335726,1646627391.0707595
-26.966270508136365,-3.201156998969597,4.280311823335726,1646627391.081762
-26.966270508136365,-3.201156998969597,4.280311823335726,1646627391.0917647
-26.966270508136365,-3.201156998969597,4.280311823335726,1646627391.1017663
-26.966270508136365,-3.2230593877318863,4.280311823335726,1646627391.11477
-26.966270508136365,-3.2438453935756524,4.302631794654178,1646627391.1271107
-26.966270508136365,-3.2438453935756524,4.339676064196584,1646627391.1356173
-26.966270508136365,-3.2438453935756524,4.3842987776290006,1646627391.1446195
-26.966270508136365,-3.2438453935756524,4.408417795029503,1646627391.1546245
-26.966270508136365,-3.2438453935756524,4.408417795029503,1646627391.1656244
-26.966270508136365,-3.2438453935756524,4.408417795029503,1646627391.1756265
-26.966270508136365,-3.2438453935756524,4.408417795029503,1646627391.1846285
-26.966270508136365,-3.2438453935756524,4.408417795029503,1646627391.1936305
-26.966270508136365,-3.2438453935756524,4.408417795029503,1646627391.202633
-26.966270508136365,-3.2438453935756524,4.408417795029503,1646627391.2106342
-26.98143857111788,-3.2438453935756524,4.408417795029503,1646627391.2186358
-27.01567941415876,-3.2438453935756524,4.408417795029503,1646627391.2281218
-27.042460027539555,-3.2438453935756524,4.408417795029503,1646627391.2360818
-27.069069285861307,-3.2438453935756524,4.408417795029503,1646627391.2440834
-27.082473420947835,-3.2438453935756524,4.408417795029503,1646627391.2520852
-27.097039403471182,-3.2438453935756524,4.408417795029503,1646627391.2600873
-27.130549284919883,-3.2438453935756524,4.408417795029503,1646627391.2680583
-27.179529107826358,-3.2438453935756524,4.408417795029503,1646627391.2770617
-27.20704272864229,-3.2438453935756524,4.408417795029503,1646627391.2860634
-27.20704272864229,-3.2438453935756524,4.408417795029503,1646627391.2960658
-27.20704272864229,-3.2438453935756524,4.408417795029503,1646627391.3050675
-27.20704272864229,-3.2438453935756524,4.408417795029503,1646627391.316192
-27.20704272864229,-3.2438453935756524,4.408417795029503,1646627391.3251927
-27.20704272864229,-3.2438453935756524,4.408417795029503,1646627391.3341987
-27.20704272864229,-3.2438453935756524,4.408417795029503,1646627391.343201
-27.22066568426342,-3.2438453935756524,4.408417795029503,1646627391.351655
-27.249555172859314,-3.2438453935756524,4.408417795029503,1646627391.3601968
-27.26364262585744,-3.2438453935756524,4.408417795029503,1646627391.3681526
-27.26364262585744,-3.2438453935756524,4.424077949769654,1646627391.3761992
-27.26364262585744,-3.2438453935756524,4.459498812288541,1646627391.3842018
-27.26364262585744,-3.2438453935756524,4.509241842968699,1646627391.3932042
-27.26364262585744,-3.2438453935756524,4.556764737392071,1646627391.4022064
-27.26364262585744,-3.2438453935756524,4.574636202844326,1646627391.4102077
-27.26364262585744,-3.2438453935756524,4.574636202844326,1646627391.41921
-27.26364262585744,-3.2438453935756524,4.574636202844326,1646627391.428145
-27.26364262585744,-3.2438453935756524,4.588969910966349,1646627391.4362054
-27.26364262585744,-3.2438453935756524,4.603202289336799,1646627391.4442089
-27.26364262585744,-3.2438453935756524,4.618735331080843,1646627391.45321
-27.26364262585744,-3.2438453935756524,4.658464059875563,1646627391.4632123
-27.26364262585744,-3.2438453935756524,4.694444723902701,1646627391.4722142
-27.246022150472978,-3.2438453935756524,4.710204036017653,1646627391.4812164
-27.210508796977003,-3.2596801749630604,4.710204036017653,1646627391.490218
-27.19062389594615,-3.2772764735489086,4.710204036017653,1646627391.5002208
-27.19062389594615,-3.2772764735489086,4.710204036017653,1646627391.5332313
-27.19062389594615,-3.2772764735489086,4.710204036017653,1646627391.5442338
-27.19062389594615,-3.2772764735489086,4.710204036017653,1646627391.554236
-27.19062389594615,-3.2772764735489086,4.710204036017653,1646627391.5662382
-27.19062389594615,-3.2772764735489086,4.710204036017653,1646627391.5792415
-27.19062389594615,-3.2772764735489086,4.710204036017653,1646627391.5912454
-27.19062389594615,-3.2772764735489086,4.710204036017653,1646627391.6052475
-27.19062389594615,-3.2772764735489086,4.710204036017653,1646627391.6162498
-27.19062389594615,-3.2772764735489086,4.710204036017653,1646627391.629253
-27.19062389594615,-3.2772764735489086,4.710204036017653,1646627391.6412556
-27.19062389594615,-3.2772764735489086,4.710204036017653,1646627391.6512575
-27.19062389594615,-3.2772764735489086,4.710204036017653,1646627391.6612601
-27.19062389594615,-3.2772764735489086,4.710204036017653,1646627391.6702616
-27.19062389594615,-3.2772764735489086,4.710204036017653,1646627391.6802645
-27.19062389594615,-3.2772764735489086,4.710204036017653,1646627391.6892662
-27.19062389594615,-3.2772764735489086,4.710204036017653,1646627391.6982682
-27.19062389594615,-3.2772764735489086,4.724886594732467,1646627391.7072701
-27.19062389594615,-3.2772764735489086,4.739511211840466,1646627391.7162366
-27.19062389594615,-3.2772764735489086,4.739511211840466,1646627391.72524
-27.19062389594615,-3.2772764735489086,4.739511211840466,1646627391.7352452
-27.19062389594615,-3.2772764735489086,4.739511211840466,1646627391.7462394
-27.19062389594615,-3.2772764735489086,4.739511211840466,1646627391.7562425
-27.19062389594615,-3.2772764735489086,4.739511211840466,1646627391.768245
-27.19062389594615,-3.2772764735489086,4.739511211840466,1646627391.778678
-27.19062389594615,-3.2772764735489086,4.739511211840466,1646627391.7896817
-27.19062389594615,-3.2772764735489086,4.739511211840466,1646627391.8011525
-27.19062389594615,-3.2772764735489086,4.739511211840466,1646627391.8094435
-27.19062389594615,-3.2772764735489086,4.739511211840466,1646627391.8182473
-27.19062389594615,-3.2772764735489086,4.739511211840466,1646627391.8262498
-27.19062389594615,-3.2772764735489086,4.739511211840466,1646627391.8352525
-27.19062389594615,-3.2772764735489086,4.739511211840466,1646627391.8442545
-27.19062389594615,-3.2772764735489086,4.739511211840466,1646627391.8532567
-27.19062389594615,-3.2772764735489086,4.739511211840466,1646627391.8622582
-27.19062389594615,-3.2772764735489086,4.739511211840466,1646627391.8712604
-27.19062389594615,-3.2772764735489086,4.739511211840466,1646627391.8802624
-27.19062389594615,-3.2772764735489086,4.739511211840466,1646627391.8892648
-27.20744134926852,-3.2772764735489086,4.739511211840466,1646627391.898266
-27.229867886985534,-3.2772764735489086,4.760664836706972,1646627391.9102695
-27.229867886985534,-3.2772764735489086,4.780053768758969,1646627391.9212716
-27.229867886985534,-3.2772764735489086,4.780053768758969,1646627391.9302738
-27.229867886985534,-3.2772764735489086,4.780053768758969,1646627391.9382749
-27.229867886985534,-3.2614181750313893,4.780053768758969,1646627391.9472017
-27.229867886985534,-3.2335389067753093,4.780053768758969,1646627391.9552052
-27.229867886985534,-3.2096379505633683,4.780053768758969,1646627391.9692075
-27.229867886985534,-3.2096379505633683,4.780053768758969,1646627391.9812107
-27.229867886985534,-3.2096379505633683,4.780053768758969,1646627391.9942133
-27.229867886985534,-3.2096379505633683,4.780053768758969,1646627392.0052156
-27.229867886985534,-3.2096379505633683,4.780053768758969,1646627392.0152183
-27.229867886985534,-3.2096379505633683,4.780053768758969,1646627392.0252204
-27.229867886985534,-3.2096379505633683,4.797529881492125,1646627392.0352225
-27.229867886985534,-3.2096379505633683,4.820248578100822,1646627392.0482252
-27.229867886985534,-3.2096379505633683,4.820248578100822,1646627392.0602276
-27.229867886985534,-3.2096379505633683,4.820248578100822,1646627392.0732324
-27.229867886985534,-3.2096379505633683,4.820248578100822,1646627392.0842338
-27.209007244598798,-3.2096379505633683,4.820248578100822,1646627392.0942361
-27.167116499723196,-3.2096379505633683,4.820248578100822,1646627392.1042383
-27.146080385679646,-3.2096379505633683,4.820248578100822,1646627392.114243
-27.146080385679646,-3.2096379505633683,4.820248578100822,1646627392.1262434
-27.146080385679646,-3.2096379505633683,4.820248578100822,1646627392.1362822
-27.146080385679646,-3.2096379505633683,4.820248578100822,1646627392.146285
-27.146080385679646,-3.2096379505633683,4.820248578100822,1646627392.1572247
-27.146080385679646,-3.2096379505633683,4.820248578100822,1646627392.1662283
-27.146080385679646,-3.2096379505633683,4.820248578100822,1646627392.1752303
-27.146080385679646,-3.2096379505633683,4.820248578100822,1646627392.1842327
-27.146080385679646,-3.2096379505633683,4.820248578100822,1646627392.1932342
-27.146080385679646,-3.2096379505633683,4.820248578100822,1646627392.202236
-27.146080385679646,-3.2096379505633683,4.820248578100822,1646627392.2102382
-27.146080385679646,-3.2096379505633683,4.820248578100822,1646627392.220241
-27.146080385679646,-3.2096379505633683,4.820248578100822,1646627392.2302427
-27.146080385679646,-3.2096379505633683,4.820248578100822,1646627392.2402475
-27.146080385679646,-3.2096379505633683,4.820248578100822,1646627392.2492354
-27.146080385679646,-3.2096379505633683,4.820248578100822,1646627392.2582397
-27.146080385679646,-3.2096379505633683,4.820248578100822,1646627392.267241
-27.146080385679646,-3.2096379505633683,4.820248578100822,1646627392.2782984
-27.146080385679646,-3.2096379505633683,4.820248578100822,1646627392.2883022
-27.146080385679646,-3.2096379505633683,4.820248578100822,1646627392.2973046
-27.146080385679646,-3.2096379505633683,4.820248578100822,1646627392.3063068
-27.146080385679646,-3.2096379505633683,4.820248578100822,1646627392.3153083
-27.146080385679646,-3.2096379505633683,4.820248578100822,1646627392.3253102
-27.146080385679646,-3.2096379505633683,4.820248578100822,1646627392.335316
-27.146080385679646,-3.2096379505633683,4.820248578100822,1646627392.3493192
-27.146080385679646,-3.2096379505633683,4.820248578100822,1646627392.3613217
-27.146080385679646,-3.2096379505633683,4.820248578100822,1646627392.372324
-27.146080385679646,-3.2096379505633683,4.820248578100822,1646627392.3863275
-27.146080385679646,-3.2096379505633683,4.820248578100822,1646627392.3993313
-27.146080385679646,-3.2096379505633683,4.820248578100822,1646627392.4143353
-27.146080385679646,-3.2096379505633683,4.820248578100822,1646627392.4293373
-27.146080385679646,-3.2096379505633683,4.820248578100822,1646627392.446341
-27.146080385679646,-3.2096379505633683,4.820248578100822,1646627392.459344
-27.146080385679646,-3.2096379505633683,4.845263320825391,1646627392.473348
-27.146080385679646,-3.2096379505633683,4.87563730086964,1646627392.4903522
-27.146080385679646,-3.2096379505633683,4.87563730086964,1646627392.5043557
-27.146080385679646,-3.2096379505633683,4.87563730086964,1646627392.5203583
-27.146080385679646,-3.2096379505633683,4.87563730086964,1646627392.53236
-27.146080385679646,-3.2096379505633683,4.87563730086964,1646627392.5453632
-27.146080385679646,-3.2096379505633683,4.87563730086964,1646627392.5593665
-27.146080385679646,-3.2096379505633683,4.87563730086964,1646627392.5723236
-27.146080385679646,-3.2096379505633683,4.87563730086964,1646627392.583327
-27.146080385679646,-3.2096379505633683,4.87563730086964,1646627392.59733
-27.146080385679646,-3.2096379505633683,4.87563730086964,1646627392.6093335
-27.146080385679646,-3.2096379505633683,4.87563730086964,1646627392.6203356
-27.146080385679646,-3.2096379505633683,4.87563730086964,1646627392.6303372
-27.146080385679646,-3.2096379505633683,4.87563730086964,1646627392.6426692
-27.146080385679646,-3.2096379505633683,4.87563730086964,1646627392.653672
-27.146080385679646,-3.2096379505633683,4.87563730086964,1646627392.6656754
-27.146080385679646,-3.2096379505633683,4.87563730086964,1646627392.6776772
-27.146080385679646,-3.2096379505633683,4.87563730086964,1646627392.6876795
-27.146080385679646,-3.2096379505633683,4.87563730086964,1646627392.6996825
-27.146080385679646,-3.2096379505633683,4.87563730086964,1646627392.7386951
-27.146080385679646,-3.2096379505633683,4.87563730086964,1646627392.7526982
-27.146080385679646,-3.2096379505633683,4.87563730086964,1646627392.7637005
-27.146080385679646,-3.2096379505633683,4.87563730086964,1646627392.7737029
-27.146080385679646,-3.2096379505633683,4.87563730086964,1646627392.7847059
-27.146080385679646,-3.2096379505633683,4.87563730086964,1646627392.7967086
-27.146080385679646,-3.2096379505633683,4.89378057989721,1646627392.8077102
-27.146080385679646,-3.2096379505633683,4.910276400119182,1646627392.8177128
-27.146080385679646,-3.2096379505633683,4.910276400119182,1646627392.8277154
-27.146080385679646,-3.2096379505633683,4.910276400119182,1646627392.8377192
-27.12646012872201,-3.2096379505633683,4.910276400119182,1646627392.8487222
-27.087400323147143,-3.2096379505633683,4.910276400119182,1646627392.8597245
-27.044643379878316,-3.2096379505633683,4.910276400119182,1646627392.8717275
-27.024893038794392,-3.2096379505633683,4.910276400119182,1646627392.882729
-27.024893038794392,-3.2096379505633683,4.910276400119182,1646627392.8927317
-27.024893038794392,-3.2096379505633683,4.910276400119182,1646627392.9017332
-27.024893038794392,-3.2096379505633683,4.910276400119182,1646627392.9127383
-27.024893038794392,-3.2096379505633683,4.910276400119182,1646627392.9247391
-27.024893038794392,-3.2096379505633683,4.910276400119182,1646627392.934741
-27.024893038794392,-3.2096379505633683,4.910276400119182,1646627392.9457436
-27.024893038794392,-3.2096379505633683,4.910276400119182,1646627392.9577465
-27.024893038794392,-3.2096379505633683,4.910276400119182,1646627392.9687486
-27.024893038794392,-3.2096379505633683,4.910276400119182,1646627392.9807515
-27.024893038794392,-3.2096379505633683,4.910276400119182,1646627392.9927552
-27.024893038794392,-3.2096379505633683,4.910276400119182,1646627393.014759
-27.024893038794392,-3.2096379505633683,4.910276400119182,1646627393.0257614
-27.024893038794392,-3.2096379505633683,4.910276400119182,1646627393.0394251
-27.024893038794392,-3.2096379505633683,4.910276400119182,1646627393.0534277
-27.024893038794392,-3.2096379505633683,4.910276400119182,1646627393.0674307
-27.024893038794392,-3.2096379505633683,4.910276400119182,1646627393.0804338
-27.024893038794392,-3.2096379505633683,4.910276400119182,1646627393.093437
-27.024893038794392,-3.2096379505633683,4.910276400119182,1646627393.104439
-27.024893038794392,-3.2096379505633683,4.910276400119182,1646627393.1174424
-27.024893038794392,-3.2096379505633683,4.910276400119182,1646627393.133446
-27.024893038794392,-3.2096379505633683,4.910276400119182,1646627393.1454484
-27.024893038794392,-3.2096379505633683,4.910276400119182,1646627393.1594515
-27.024893038794392,-3.2096379505633683,4.910276400119182,1646627393.172454
-27.024893038794392,-3.2096379505633683,4.910276400119182,1646627393.1834571
-27.024893038794392,-3.2096379505633683,4.910276400119182,1646627393.1954598
-27.024893038794392,-3.2096379505633683,4.910276400119182,1646627393.208463
-27.024893038794392,-3.2096379505633683,4.910276400119182,1646627393.220465
-27.024893038794392,-3.2096379505633683,4.910276400119182,1646627393.2334685
-27.024893038794392,-3.2096379505633683,4.910276400119182,1646627393.2614741
-27.024893038794392,-3.2096379505633683,4.910276400119182,1646627393.2744775
-27.024893038794392,-3.2096379505633683,4.910276400119182,1646627393.2864804
-27.024893038794392,-3.2096379505633683,4.910276400119182,1646627393.3004827
-27.024893038794392,-3.2096379505633683,4.910276400119182,1646627393.3134863
-27.024893038794392,-3.2096379505633683,4.910276400119182,1646627393.3284893
-27.024893038794392,-3.2096379505633683,4.910276400119182,1646627393.3404925
-27.024893038794392,-3.2096379505633683,4.942537672865686,1646627393.355496
-27.024893038794392,-3.2096379505633683,5.001397580973813,1646627393.3684993
-27.024893038794392,-3.2096379505633683,5.061755318811847,1646627393.3825018
-27.024893038794392,-3.2096379505633683,5.090775236850723,1646627393.3975053
-27.024893038794392,-3.2096379505633683,5.090775236850723,1646627393.4105084
-27.024893038794392,-3.2096379505633683,5.090775236850723,1646627393.421511
-27.024893038794392,-3.2096379505633683,5.090775236850723,1646627393.4325132
-27.024893038794392,-3.2096379505633683,5.090775236850723,1646627393.442515
-27.024893038794392,-3.2096379505633683,5.090775236850723,1646627393.453518
-27.024893038794392,-3.2096379505633683,5.090775236850723,1646627393.4635198
-27.024893038794392,-3.2096379505633683,5.090775236850723,1646627393.4745226
-27.024893038794392,-3.2096379505633683,5.090775236850723,1646627393.485525
-27.024893038794392,-3.2096379505633683,5.090775236850723,1646627393.4955275
-27.024893038794392,-3.2096379505633683,5.090775236850723,1646627393.5055292
-27.024893038794392,-3.2096379505633683,5.090775236850723,1646627393.5155318
-27.024893038794392,-3.2096379505633683,5.090775236850723,1646627393.5245335
-27.024893038794392,-3.2096379505633683,5.090775236850723,1646627393.535536
-27.024893038794392,-3.2096379505633683,5.090775236850723,1646627393.5465393
-27.024893038794392,-3.2096379505633683,5.090775236850723,1646627393.5785463
-27.024893038794392,-3.2096379505633683,5.090775236850723,1646627393.5905488
-27.024893038794392,-3.2096379505633683,5.090775236850723,1646627393.6045513
-27.024893038794392,-3.2096379505633683,5.090775236850723,1646627393.617555
-27.024893038794392,-3.2096379505633683,5.090775236850723,1646627393.630558
-27.024893038794392,-3.2096379505633683,5.090775236850723,1646627393.645561
-27.024893038794392,-3.2096379505633683,5.090775236850723,1646627393.6565635
-27.024893038794392,-3.2096379505633683,5.090775236850723,1646627393.667566
-27.024893038794392,-3.2096379505633683,5.090775236850723,1646627393.677568
-27.024893038794392,-3.2096379505633683,5.090775236850723,1646627393.68757
-27.024893038794392,-3.2096379505633683,5.090775236850723,1646627393.6975725
-27.024893038794392,-3.2096379505633683,5.090775236850723,1646627393.708576
-27.024893038794392,-3.2096379505633683,5.108585666136005,1646627393.7195778
-27.024893038794392,-3.2096379505633683,5.126396481387898,1646627393.7305799
-27.024893038794392,-3.2096379505633683,5.126396481387898,1646627393.7415826
-27.004534199193163,-3.2096379505633683,5.126396481387898,1646627393.7535863
-26.984178594555623,-3.2096379505633683,5.126396481387898,1646627393.765588
-26.984178594555623,-3.2096379505633683,5.126396481387898,1646627393.77559
-26.984178594555623,-3.2096379505633683,5.126396481387898,1646627393.7895942
-26.984178594555623,-3.2096379505633683,5.126396481387898,1646627393.8005965
-26.984178594555623,-3.2096379505633683,5.126396481387898,1646627393.811599
-26.984178594555623,-3.2096379505633683,5.126396481387898,1646627393.823601
-26.984178594555623,-3.2096379505633683,5.126396481387898,1646627393.836604
-26.984178594555623,-3.2096379505633683,5.126396481387898,1646627393.8506076
-26.984178594555623,-3.2096379505633683,5.126396481387898,1646627393.8616095
-26.984178594555623,-3.2096379505633683,5.126396481387898,1646627393.8746126
-26.984178594555623,-3.2096379505633683,5.126396481387898,1646627393.8856158
-26.984178594555623,-3.2096379505633683,5.126396481387898,1646627393.8976178
-26.984178594555623,-3.2096379505633683,5.126396481387898,1646627393.9086206
-26.984178594555623,-3.2096379505633683,5.126396481387898,1646627393.921623
-26.984178594555623,-3.2096379505633683,5.126396481387898,1646627393.9336257
-26.984178594555623,-3.2096379505633683,5.126396481387898,1646627393.9446287
-26.984178594555623,-3.2096379505633683,5.126396481387898,1646627393.955631
-26.984178594555623,-3.2096379505633683,5.126396481387898,1646627393.9686337
-26.984178594555623,-3.2096379505633683,5.126396481387898,1646627393.9806361
-26.984178594555623,-3.2096379505633683,5.126396481387898,1646627393.991639
-26.984178594555623,-3.2096379505633683,5.126396481387898,1646627394.0036416
-26.984178594555623,-3.2096379505633683,5.126396481387898,1646627394.0156448
-26.984178594555623,-3.2096379505633683,5.126396481387898,1646627394.0276477
-26.984178594555623,-3.2096379505633683,5.126396481387898,1646627394.0426517
-26.984178594555623,-3.2096379505633683,5.126396481387898,1646627394.0546532
-26.984178594555623,-3.2096379505633683,5.126396481387898,1646627394.067657
-26.984178594555623,-3.2096379505633683,5.126396481387898,1646627394.079659
-26.984178594555623,-3.2096379505633683,5.126396481387898,1646627394.093663
-26.984178594555623,-3.2096379505633683,5.126396481387898,1646627394.1056647
-26.984178594555623,-3.2096379505633683,5.126396481387898,1646627394.1186678
-26.984178594555623,-3.2096379505633683,5.126396481387898,1646627394.1316705
-26.984178594555623,-3.2096379505633683,5.126396481387898,1646627394.1436734
-26.984178594555623,-3.2096379505633683,5.126396481387898,1646627394.1536756
-26.96153521981007,-3.2096379505633683,5.126396481387898,1646627394.1676795
-26.94212854040755,-3.2096379505633683,5.126396481387898,1646627394.1796818
-26.94212854040755,-3.2096379505633683,5.126396481387898,1646627394.1906843
-26.94212854040755,-3.2096379505633683,5.126396481387898,1646627394.2036872
-26.94212854040755,-3.2096379505633683,5.148751486870088,1646627394.21469
-26.94212854040755,-3.2096379505633683,5.190237487441787,1646627394.2256913
-26.94212854040755,-3.2096379505633683,5.22847122434988,1646627394.2366965
-26.94212854040755,-3.2096379505633683,5.252762223118179,1646627394.2506976
-26.94212854040755,-3.2096379505633683,5.252762223118179,1646627394.2657006
-26.94212854040755,-3.2096379505633683,5.252762223118179,1646627394.2807045
-26.91917346505908,-3.2096379505633683,5.252762223118179,1646627394.2947073
-26.896216826332875,-3.2096379505633683,5.252762223118179,1646627394.308711
-26.896216826332875,-3.2096379505633683,5.252762223118179,1646627394.3257146
-26.896216826332875,-3.2096379505633683,5.252762223118179,1646627394.3407183
-26.876852152798428,-3.2096379505633683,5.252762223118179,1646627394.3527205
-26.85748709459396,-3.2096379505633683,5.252762223118179,1646627394.364723
-26.85748709459396,-3.2096379505633683,5.252762223118179,1646627394.3767257
-26.85748709459396,-3.2096379505633683,5.252762223118179,1646627394.3927293
-26.85748709459396,-3.2096379505633683,5.252762223118179,1646627394.407733
-26.85748709459396,-3.2096379505633683,5.252762223118179,1646627394.4207363
-26.85748709459396,-3.2096379505633683,5.252762223118179,1646627394.4377396
-26.85748709459396,-3.2096379505633683,5.252762223118179,1646627394.4487424
-26.85748709459396,-3.2096379505633683,5.252762223118179,1646627394.457744
-26.837543696541246,-3.2096379505633683,5.252762223118179,1646627394.4697468
-26.81926290856376,-3.2096379505633683,5.252762223118179,1646627394.4807491
-26.81926290856376,-3.2096379505633683,5.252762223118179,1646627394.4917521
-26.81926290856376,-3.2096379505633683,5.252762223118179,1646627394.503755
-26.81926290856376,-3.2096379505633683,5.252762223118179,1646627394.5157573
-26.81926290856376,-3.2096379505633683,5.252762223118179,1646627394.5267596
-26.81926290856376,-3.2096379505633683,5.252762223118179,1646627394.5667694
-26.81926290856376,-3.2096379505633683,5.252762223118179,1646627394.5797725
-26.81926290856376,-3.2096379505633683,5.252762223118179,1646627394.5907748
-26.81926290856376,-3.2096379505633683,5.252762223118179,1646627394.6057782
-26.81926290856376,-3.2096379505633683,5.252762223118179,1646627394.61778
-26.81926290856376,-3.2096379505633683,5.252762223118179,1646627394.630783
-26.81926290856376,-3.2096379505633683,5.252762223118179,1646627394.6417859
-26.81926290856376,-3.2096379505633683,5.252762223118179,1646627394.65179
-26.81926290856376,-3.2096379505633683,5.252762223118179,1646627394.6617904
-26.81926290856376,-3.2096379505633683,5.252762223118179,1646627394.6717923
-26.81926290856376,-3.2096379505633683,5.252762223118179,1646627394.6817944
-26.81926290856376,-3.2096379505633683,5.252762223118179,1646627394.6917965
-26.81926290856376,-3.2096379505633683,5.252762223118179,1646627394.7017992
-26.81926290856376,-3.2096379505633683,5.252762223118179,1646627394.7128015
-26.81926290856376,-3.2096379505633683,5.252762223118179,1646627394.723804
-26.81926290856376,-3.2096379505633683,5.252762223118179,1646627394.7358074
-26.796575866416394,-3.2096379505633683,5.252762223118179,1646627394.7498097
-26.751787465860126,-3.2096379505633683,5.252762223118179,1646627394.762813
-26.71222922805093,-3.2096379505633683,5.252762223118179,1646627394.7738159
-26.692741599835674,-3.2096379505633683,5.252762223118179,1646627394.7848186
-26.66605669598134,-3.2096379505633683,5.252762223118179,1646627394.7988212
-26.64508807101535,-3.2096379505633683,5.252762223118179,1646627394.8098242
-26.64508807101535,-3.2096379505633683,5.252762223118179,1646627394.8208256
-26.64508807101535,-3.2096379505633683,5.252762223118179,1646627394.8308277
-26.64508807101535,-3.2096379505633683,5.252762223118179,1646627394.840831
-26.64508807101535,-3.2096379505633683,5.252762223118179,1646627394.8518326
-26.64508807101535,-3.2096379505633683,5.252762223118179,1646627394.861835
-26.64508807101535,-3.2096379505633683,5.252762223118179,1646627394.8728375
-26.64508807101535,-3.2096379505633683,5.252762223118179,1646627394.8848407
-26.64508807101535,-3.2096379505633683,5.252762223118179,1646627394.8948429
-26.64508807101535,-3.2096379505633683,5.252762223118179,1646627394.9068458
-26.64508807101535,-3.2096379505633683,5.252762223118179,1646627394.9198484
-26.64508807101535,-3.2096379505633683,5.252762223118179,1646627394.9308512
-26.64508807101535,-3.2096379505633683,5.252762223118179,1646627394.9418535
-26.64508807101535,-3.2096379505633683,5.252762223118179,1646627394.9548566
-26.64508807101535,-3.2096379505633683,5.252762223118179,1646627394.9668593
-26.64508807101535,-3.2096379505633683,5.252762223118179,1646627394.9788625
-26.64508807101535,-3.2096379505633683,5.252762223118179,1646627394.9898639
-26.64508807101535,-3.2096379505633683,5.252762223118179,1646627395.0018666
-26.64508807101535,-3.2096379505633683,5.252762223118179,1646627395.0148706
-26.64508807101535,-3.2096379505633683,5.252762223118179,1646627395.0268726
-26.64508807101535,-3.2096379505633683,5.252762223118179,1646627395.0488784
-26.64508807101535,-3.2096379505633683,5.252762223118179,1646627395.06088
-26.64508807101535,-3.2096379505633683,5.252762223118179,1646627395.076885
-26.64508807101535,-3.2096379505633683,5.252762223118179,1646627395.0888867
-26.64508807101535,-3.2096379505633683,5.252762223118179,1646627395.1008892
-26.64508807101535,-3.2096379505633683,5.252762223118179,1646627395.114893
-26.64508807101535,-3.2096379505633683,5.252762223118179,1646627395.1268957
-26.64508807101535,-3.2096379505633683,5.252762223118179,1646627395.137898
-26.64508807101535,-3.2096379505633683,5.252762223118179,1646627395.1488998
-26.64508807101535,-3.2096379505633683,5.252762223118179,1646627395.159902
-26.627245779028243,-3.2096379505633683,5.252762223118179,1646627395.1709054
-26.611027622349965,-3.2096379505633683,5.252762223118179,1646627395.180907
-26.611027622349965,-3.2096379505633683,5.252762223118179,1646627395.1909099
-26.611027622349965,-3.2096379505633683,5.252762223118179,1646627395.2019126
-26.611027622349965,-3.2096379505633683,5.252762223118179,1646627395.211914
-26.611027622349965,-3.2096379505633683,5.252762223118179,1646627395.223084
-26.611027622349965,-3.2096379505633683,5.252762223118179,1646627395.2330775
-26.611027622349965,-3.2096379505633683,5.252762223118179,1646627395.24408
-26.611027622349965,-3.2096379505633683,5.252762223118179,1646627395.2550826
-26.611027622349965,-3.2096379505633683,5.252762223118179,1646627395.26657
-26.611027622349965,-3.2096379505633683,5.252762223118179,1646627395.2775598
-26.611027622349965,-3.2096379505633683,5.252762223118179,1646627395.2876315
-26.611027622349965,-3.2096379505633683,5.252762223118179,1646627395.2976346
-26.611027622349965,-3.2096379505633683,5.252762223118179,1646627395.3096373
-26.587464339350582,-3.2096379505633683,5.252762223118179,1646627395.3226404
